id	RandInt	title	name	dept_id	doj	contact	manager_id
1001	2	MS	C	104	2018-03-12	9876543607	
1002	2	MS	D	103	2015-04-29	9876544334	
1003	1	MR	E	105	2019-04-15	9876544965	
1004	2	MS	F	106	2017-11-28	9876543448	
1031	2	MS	G	101	2018-07-24	9876543733	
1006	1	MR	H	108	2020-03-07	9876543455	
1007	3	MRS	I	107	2016-06-21	9876543795	
1008	2	MS	J	103	2016-09-12	9876544693	
1009	2	MS	K	107	2015-08-28	9876544826	
1010	2	MS	L	107	2020-02-27	9876544770	
1011	3	MRS	M	106	2021-03-05	9876544027	
1012	1	MR	N	102	2017-05-03	9876544266	
1013	2	MS	O	104	2017-10-17	9876544048	
1014	3	MRS	P	108	2020-10-30	9876543391	
1015	2	MS	Q	101	2021-06-24	9876544241	
1016	2	MS	R	107	2021-03-29	9876545119	
1005	2	MS	S	101	2019-11-02	9876544825	
1018	3	MRS	T	107	2018-03-28	9876544856	
1019	3	MRS	U	102	2018-11-11	9876543722	
1074	3	MRS	V	101	2015-02-16	9876543547	
1021	1	MR	W	104	2021-02-07	9876543395	
1098	3	MRS	X	101	2017-07-24	9876544307	
1023	2	MS	Y	103	2019-12-03	9876543215	
1024	1	MR	Z	104	2020-08-07	9876543976	
1025	2	MS	AA	106	2017-01-26	9876544726	
1026	3	MRS	AB	102	2021-04-16	9876544520	
1027	3	MRS	AC	105	2015-03-26	9876544105	
1144	2	MS	AD	101	2020-10-28	9876543316	
1029	3	MRS	AE	104	2021-12-05	9876544573	
1030	3	MRS	AF	102	2021-05-18	9876544043	
1141	2	MS	AG	101	2018-02-02	9876545132	
1032	1	MR	AH	103	2019-03-25	9876544392	
1130	1	MR	AI	101	2020-09-03	9876544707	
1034	2	MS	AJ	108	2015-07-01	9876544876	
1035	2	MS	AK	108	2017-06-04	9876544335	
1036	3	MRS	AL	103	2019-08-02	9876544630	
1078	1	MR	AM	101	2019-01-13	9876543756	
1038	2	MS	AN	108	2020-08-30	9876544905	
1039	3	MRS	AO	107	2017-08-07	9876544825	
1040	1	MR	AP	107	2020-09-27	9876543810	
1041	3	MRS	AQ	107	2021-01-19	9876544971	
1042	2	MS	AR	108	2020-10-20	9876544080	
1043	1	MR	AS	108	2016-07-06	9876544183	
1044	2	MS	AT	102	2016-07-24	9876544951	
1045	2	MS	AU	106	2015-01-19	9876544308	
1046	3	MRS	AV	104	2016-11-03	9876544808	
1047	1	MR	AW	107	2016-12-19	9876544825	
1048	1	MR	AX	103	2021-02-01	9876543636	
1049	1	MR	AY	102	2020-08-18	9876543678	
1050	2	MS	AZ	106	2015-09-08	9876544317	
1051	1	MR	BA	107	2015-04-09	9876544505	
1052	3	MRS	BB	103	2020-11-23	9876545032	
1053	2	MS	BC	106	2019-01-26	9876544938	
1054	2	MS	BD	101	2018-04-02	9876543977	
1055	3	MRS	BE	103	2016-09-11	9876544279	
1056	1	MR	BF	103	2015-12-08	9876544636	
1057	1	MR	BG	106	2018-11-17	9876544256	
1058	2	MS	BH	106	2020-03-02	9876543389	
1059	1	MR	BI	104	2020-08-06	9876543704	
1060	2	MS	BJ	106	2015-08-10	9876544422	
1061	3	MRS	BK	105	2021-02-18	9876543885	
1062	1	MR	BL	108	2016-04-13	9876543924	
1063	2	MS	BM	107	2018-11-19	9876543843	
1064	2	MS	BN	104	2016-11-16	9876544439	
1065	3	MRS	BO	108	2017-08-13	9876544998	
1066	2	MS	BP	106	2015-03-24	9876544891	
1067	2	MS	BQ	106	2016-12-06	9876543724	
1068	1	MR	BR	106	2017-06-22	9876545173	
1069	3	MRS	BS	103	2020-02-07	9876543292	
1070	2	MS	BT	104	2018-06-07	9876543930	
1071	3	MRS	BU	108	2020-12-24	9876543294	
1072	1	MR	BV	102	2016-11-13	9876543990	
1073	3	MRS	BW	102	2020-06-29	9876544362	
1017	1	MR	BX	101	2015-11-25	9876543432	
1037	2	MS	BY	101	2015-10-02	9876543630	
1076	2	MS	BZ	102	2017-08-17	9876543876	
1077	1	MR	CA	106	2020-02-23	9876544415	
1085	1	MR	CB	101	2018-11-02	9876544760	
1079	3	MRS	CC	106	2019-03-08	9876545199	
1080	1	MR	CD	103	2015-02-27	9876544310	
1081	1	MR	CE	108	2016-03-30	9876543905	
1082	3	MRS	CF	103	2021-10-15	9876543907	
1028	2	MS	CG	101	2018-11-29	9876543285	
1084	3	MRS	CH	105	2015-06-17	9876544613	
1129	1	MR	CI	101	2017-11-14	9876544859	
1086	2	MS	CJ	104	2019-06-17	9876543845	
1087	2	MS	CK	108	2017-08-30	9876544374	
1088	3	MRS	CL	104	2017-06-28	9876543412	
1089	3	MRS	CM	106	2021-02-27	9876543227	
1090	3	MRS	CN	104	2018-08-27	9876544260	
1091	1	MR	CO	104	2015-06-28	9876544194	
1092	1	MR	CP	104	2017-02-12	9876543924	
1093	1	MR	CQ	104	2017-11-20	9876543489	
1094	3	MRS	CR	107	2020-11-30	9876544641	
1095	1	MR	CS	108	2020-08-02	9876543483	
1096	1	MR	CT	102	2020-05-16	9876543729	
1097	1	MR	CU	108	2019-11-01	9876543882	
1127	1	MR	CV	101	2017-06-10	9876543750	
1099	2	MS	CW	104	2021-05-23	9876545028	
1100	3	MRS	CX	104	2018-08-12	9876543401	
1101	2	MS	CY	107	2018-04-05	9876545175	
1102	1	MR	CZ	106	2015-09-15	9876543405	
1103	3	MRS	DA	101	2020-07-30	9876543513	
1104	2	MS	DB	104	2017-10-04	9876544898	
1105	1	MR	DC	102	2016-03-03	9876543635	
1106	2	MS	DD	104	2020-10-26	9876545172	
1107	3	MRS	DE	104	2018-10-25	9876543881	
1108	1	MR	DF	107	2016-05-09	9876544005	
1109	1	MR	DG	105	2021-03-06	9876544050	
1110	2	MS	DH	108	2018-04-16	9876545111	
1111	1	MR	DI	106	2020-02-25	9876544442	
1112	3	MRS	DJ	106	2021-04-26	9876543250	
1135	2	MS	DK	101	2016-03-15	9876545005	
1114	1	MR	DL	105	2019-02-04	9876544016	
1115	1	MR	DM	102	2018-06-03	9876543805	
1116	3	MRS	DN	105	2019-08-29	9876544705	
1117	2	MS	DO	104	2020-10-13	9876544436	
1118	1	MR	DP	106	2021-04-05	9876544728	
1119	1	MR	DQ	108	2019-03-26	9876543886	
1120	3	MRS	DR	103	2017-03-22	9876543883	
1121	2	MS	DS	102	2018-02-19	9876544489	
1122	2	MS	DT	103	2021-02-22	9876544055	
1123	1	MR	DU	108	2020-09-23	9876544638	
1124	1	MR	DV	104	2020-07-02	9876544545	
1125	3	MRS	DW	108	2019-12-28	9876545100	
1126	2	MS	DX	108	2020-08-01	9876544595	
1033	3	MRS	DY	101	2015-10-14	9876544013	
1128	2	MS	DZ	105	2015-02-28	9876543623	
1020	3	MRS	EA	101	2016-10-13	9876543397	
1022	3	MRS	EB	101	2015-08-30	9876543310	
1131	3	MRS	EC	104	2019-02-08	9876544688	
1132	3	MRS	ED	102	2017-07-30	9876543738	
1133	2	MS	EE	108	2017-09-27	9876545013	
1134	2	MS	EF	106	2016-08-26	9876545113	
1075	3	MRS	EG	101	2019-03-15	9876543503	
1136	2	MS	EH	106	2017-11-20	9876543774	
1137	3	MRS	EI	108	2017-03-31	9876543699	
1138	3	MRS	EJ	105	2018-11-12	9876544898	
1139	2	MS	EK	106	2020-06-09	9876544306	
1140	3	MRS	EL	103	2018-06-16	9876543894	
1113	3	MRS	EM	101	2022-01-01	9876543266	
1142	3	MRS	EN	108	2018-08-15	9876544481	
1143	1	MR	EO	102	2021-11-27	9876543859	
1083	3	MRS	EP	101	2021-08-04	9876543972	
1145	3	MRS	EQ	106	2019-06-25	9876544799	
1146	1	MR	ER	105	2016-07-07	9876543717	
1147	2	MS	ES	108	2019-03-28	9876543878	
1148	1	MR	ET	105	2015-05-08	9876543971	
1149	3	MRS	EU	105	2019-07-10	9876544318	
1150	1	MR	EV	103	2018-03-27	9876543708	